{"cameraMode":{"drawMode":0,"name":"Shaded","section":"Shading Mode"},"sceneLighting":false,"audioPlay":false,"sceneViewState":{"m_AlwaysRefresh":false,"showFog":true,"showSkybox":false,"showFlares":true,"showImageEffects":true,"showParticleSystems":true,"showVisualEffectGraphs":true,"m_FxEnabled":true},"in2DMode":false,"pivot":{"x":0.8622865080833435,"y":4.607600688934326,"z":-0.8775954246520996},"rotation":{"x":-0.6977677345275879,"y":0.034766703844070438,"z":-0.03393123671412468,"w":-0.7146995067596436},"size":8.668025016784668,"orthographic":true}