{"cameraMode":{"drawMode":0,"name":"Shaded","section":"Shading Mode"},"sceneLighting":false,"audioPlay":false,"sceneViewState":{"m_AlwaysRefresh":false,"showFog":true,"showSkybox":false,"showFlares":true,"showImageEffects":true,"showParticleSystems":true,"showVisualEffectGraphs":true,"m_FxEnabled":true},"in2DMode":false,"pivot":{"x":3.5046675205230715,"y":2.854642391204834,"z":-4.634298801422119},"rotation":{"x":0.28934821486473086,"y":-0.36397409439086916,"z":0.12002997100353241,"w":0.8771817088127136},"size":4.1575422286987309,"orthographic":false}